{"replica_1_memory_usage_min": 0, "replica_1_memory_usage_max": 35.98715572033898, "replica_1_memory_usage_weighted_mean": 12.948778728429629}