{"replica_1_stage_1_mfu_min": 0, "replica_1_stage_1_mfu_max": 38.80280404178011, "replica_1_stage_1_mfu_weighted_mean": 31.933862158206157}