{"replica_1_memory_usage_min": 0, "replica_1_memory_usage_max": 15.734242584745763, "replica_1_memory_usage_weighted_mean": 11.031693354762185}