{"replica_1_stage_1_mfu_min": 0, "replica_1_stage_1_mfu_max": 47.639463232526, "replica_1_stage_1_mfu_weighted_mean": 44.15303609856145}