{"replica_1_memory_usage_min": 0, "replica_1_memory_usage_max": 14.01615466101695, "replica_1_memory_usage_weighted_mean": 8.947904706983508}