{"replica_1_stage_1_mfu_min": 0, "replica_1_stage_1_mfu_max": 44.66764479753675, "replica_1_stage_1_mfu_weighted_mean": 31.310790570695264}