{"replica_1_memory_usage_min": 0, "replica_1_memory_usage_max": 60.32507944915254, "replica_1_memory_usage_weighted_mean": 18.34686986683392}