{"replica_1_memory_usage_min": 0, "replica_1_memory_usage_max": 1.694915254237288, "replica_1_memory_usage_weighted_mean": 1.2608939944162663}