{"replica_1_stage_1_mfu_min": 0, "replica_1_stage_1_mfu_max": 58.14671958984411, "replica_1_stage_1_mfu_weighted_mean": 40.238353940624656}