{"replica_1_stage_1_mfu_min": 0, "replica_1_stage_1_mfu_max": 42.41496329402042, "replica_1_stage_1_mfu_weighted_mean": 38.46561985341837}