{"replica_1_memory_usage_min": 0, "replica_1_memory_usage_max": 10.447563559322035, "replica_1_memory_usage_weighted_mean": 6.004612836966259}