{"replica_1_stage_1_mfu_min": 0, "replica_1_stage_1_mfu_max": 43.55080620095917, "replica_1_stage_1_mfu_weighted_mean": 33.45644737227157}