{"replica_1_memory_usage_min": 0, "replica_1_memory_usage_max": 4.803363347457627, "replica_1_memory_usage_weighted_mean": 2.484245604080663}