{"replica_1_memory_usage_min": 0, "replica_1_memory_usage_max": 9.212791313559322, "replica_1_memory_usage_weighted_mean": 6.516884024042452}