{"replica_1_stage_1_mfu_min": 0, "replica_1_stage_1_mfu_max": 44.093322859405816, "replica_1_stage_1_mfu_weighted_mean": 36.19467928073469}