{"replica_1_memory_usage_min": 0, "replica_1_memory_usage_max": 1.1321504237288136, "replica_1_memory_usage_weighted_mean": 0.873486898893982}