{"replica_1_stage_1_mfu_min": 0, "replica_1_stage_1_mfu_max": 47.3400752167478, "replica_1_stage_1_mfu_weighted_mean": 45.107194030460164}