{"replica_1_stage_1_mfu_min": 0, "replica_1_stage_1_mfu_max": 34.522706283686276, "replica_1_stage_1_mfu_weighted_mean": 31.967729725699662}