{"replica_1_memory_usage_min": 0, "replica_1_memory_usage_max": 2.5158898305084745, "replica_1_memory_usage_weighted_mean": 2.012463326911829}