{"replica_1_memory_usage_min": 0, "replica_1_memory_usage_max": 2.7575476694915255, "replica_1_memory_usage_weighted_mean": 1.6010115894399641}