{"replica_1_stage_1_mfu_min": 0, "replica_1_stage_1_mfu_max": 32.100028374125785, "replica_1_stage_1_mfu_weighted_mean": 23.137072216716227}