{"replica_1_memory_usage_min": 0, "replica_1_memory_usage_max": 2.5953389830508473, "replica_1_memory_usage_weighted_mean": 1.9436183549917785}