{"replica_1_stage_1_mfu_min": 0, "replica_1_stage_1_mfu_max": 46.812971427740734, "replica_1_stage_1_mfu_weighted_mean": 31.609452584140595}