{"replica_1_stage_1_mfu_min": 0, "replica_1_stage_1_mfu_max": 50.97879962904498, "replica_1_stage_1_mfu_weighted_mean": 32.426941428483744}