{"replica_1_memory_usage_min": 0, "replica_1_memory_usage_max": 15.787208686440678, "replica_1_memory_usage_weighted_mean": 4.236554249800195}