{"replica_1_memory_usage_min": 0, "replica_1_memory_usage_max": 5.687235169491525, "replica_1_memory_usage_weighted_mean": 3.713858611719406}