{"replica_1_memory_usage_min": 0, "replica_1_memory_usage_max": 10.51708156779661, "replica_1_memory_usage_weighted_mean": 6.060463880843572}