{"replica_1_stage_1_mfu_min": 0, "replica_1_stage_1_mfu_max": 46.32034156544914, "replica_1_stage_1_mfu_weighted_mean": 32.11884048825379}