{"replica_1_stage_1_mfu_min": 0, "replica_1_stage_1_mfu_max": 42.49010806893726, "replica_1_stage_1_mfu_weighted_mean": 39.20920600512228}