{"replica_1_memory_usage_min": 0, "replica_1_memory_usage_max": 3.9128707627118646, "replica_1_memory_usage_weighted_mean": 3.6061674242323627}