{"replica_1_stage_1_mfu_min": 0, "replica_1_stage_1_mfu_max": 46.81094047039354, "replica_1_stage_1_mfu_weighted_mean": 31.554947525977354}