{"replica_1_memory_usage_min": 0, "replica_1_memory_usage_max": 2.7906514830508473, "replica_1_memory_usage_weighted_mean": 1.6839547871416833}