{"replica_1_stage_1_mfu_min": 0, "replica_1_stage_1_mfu_max": 34.867070912475455, "replica_1_stage_1_mfu_weighted_mean": 23.40675216208867}