{"replica_1_memory_usage_min": 0, "replica_1_memory_usage_max": 7.514565677966102, "replica_1_memory_usage_weighted_mean": 3.919806095790908}