{"replica_1_memory_usage_min": 0, "replica_1_memory_usage_max": 10.431011652542374, "replica_1_memory_usage_weighted_mean": 5.9780036902027005}