{"replica_1_memory_usage_min": 0, "replica_1_memory_usage_max": 15.750794491525424, "replica_1_memory_usage_weighted_mean": 4.175772263109176}