{"replica_1_stage_1_mfu_min": 0, "replica_1_stage_1_mfu_max": 50.982695566763006, "replica_1_stage_1_mfu_weighted_mean": 31.437085297422552}