{"replica_1_stage_1_mfu_min": 0, "replica_1_stage_1_mfu_max": 46.9816572838219, "replica_1_stage_1_mfu_weighted_mean": 31.541327247076154}