{"replica_1_memory_usage_min": 0, "replica_1_memory_usage_max": 10.19928495762712, "replica_1_memory_usage_weighted_mean": 5.788184555285862}