{"replica_1_stage_1_mfu_min": 0, "replica_1_stage_1_mfu_max": 46.81094758089598, "replica_1_stage_1_mfu_weighted_mean": 31.52013804471768}