{"replica_1_memory_usage_min": 0, "replica_1_memory_usage_max": 9.497484110169491, "replica_1_memory_usage_weighted_mean": 5.571987273934068}