{"replica_1_memory_usage_min": 0, "replica_1_memory_usage_max": 3.389830508474576, "replica_1_memory_usage_weighted_mean": 2.453434554316714}