{"replica_1_memory_usage_min": 0, "replica_1_memory_usage_max": 28.840042372881356, "replica_1_memory_usage_weighted_mean": 8.942423353351344}