{"replica_1_stage_1_mfu_min": 0, "replica_1_stage_1_mfu_max": 38.20334473093802, "replica_1_stage_1_mfu_weighted_mean": 30.20280320175388}