{"replica_1_memory_usage_min": 0, "replica_1_memory_usage_max": 19.31607521186441, "replica_1_memory_usage_weighted_mean": 12.304675807261335}