{"replica_1_memory_usage_min": 0, "replica_1_memory_usage_max": 5.700476694915254, "replica_1_memory_usage_weighted_mean": 4.284859386630908}