{"replica_1_stage_1_mfu_min": 0, "replica_1_stage_1_mfu_max": 40.14112125216035, "replica_1_stage_1_mfu_weighted_mean": 37.22762585445421}