{"replica_1_memory_usage_min": 0, "replica_1_memory_usage_max": 16.449284957627118, "replica_1_memory_usage_weighted_mean": 10.045459282383456}