{"replica_1_memory_usage_min": 0, "replica_1_memory_usage_max": 3.307070974576271, "replica_1_memory_usage_weighted_mean": 1.8896868785483134}