{"replica_1_memory_usage_min": 0, "replica_1_memory_usage_max": 19.974841101694917, "replica_1_memory_usage_weighted_mean": 12.205489920761407}