{"replica_1_stage_1_mfu_min": 0, "replica_1_stage_1_mfu_max": 50.09385578869322, "replica_1_stage_1_mfu_weighted_mean": 42.79435901558979}