{"replica_1_memory_usage_min": 0, "replica_1_memory_usage_max": 28.078654661016948, "replica_1_memory_usage_weighted_mean": 11.957185478675617}