{"replica_1_stage_1_mfu_min": 0, "replica_1_stage_1_mfu_max": 40.10370213274493, "replica_1_stage_1_mfu_weighted_mean": 35.940460908955096}