{"replica_1_memory_usage_min": 0, "replica_1_memory_usage_max": 11.155985169491526, "replica_1_memory_usage_weighted_mean": 6.857660163160578}