{"replica_1_stage_1_mfu_min": 0, "replica_1_stage_1_mfu_max": 46.810933359891095, "replica_1_stage_1_mfu_weighted_mean": 31.904629078613127}