{"replica_1_memory_usage_min": 0, "replica_1_memory_usage_max": 10.424390889830509, "replica_1_memory_usage_weighted_mean": 5.9522125273087685}