{"replica_1_stage_1_mfu_min": 0, "replica_1_stage_1_mfu_max": 50.755938187678936, "replica_1_stage_1_mfu_weighted_mean": 48.04611785098379}