{"replica_1_stage_1_mfu_min": 0, "replica_1_stage_1_mfu_max": 50.04661932002421, "replica_1_stage_1_mfu_weighted_mean": 48.007478229157094}