{"replica_1_memory_usage_min": 0, "replica_1_memory_usage_max": 1.8769862288135593, "replica_1_memory_usage_weighted_mean": 1.3226113366979553}