{"replica_1_memory_usage_min": 0, "replica_1_memory_usage_max": 6.302966101694915, "replica_1_memory_usage_weighted_mean": 3.353979114742239}