{"replica_1_stage_1_mfu_min": 0, "replica_1_stage_1_mfu_max": 47.579755698037665, "replica_1_stage_1_mfu_weighted_mean": 31.220424106569013}