{"replica_1_stage_1_mfu_min": 0, "replica_1_stage_1_mfu_max": 57.77622150686497, "replica_1_stage_1_mfu_weighted_mean": 29.941467523207503}