{"replica_1_memory_usage_min": 0, "replica_1_memory_usage_max": 4.584878177966102, "replica_1_memory_usage_weighted_mean": 2.2799582171092387}