{"replica_1_stage_1_mfu_min": 0, "replica_1_stage_1_mfu_max": 42.958965827324356, "replica_1_stage_1_mfu_weighted_mean": 33.16891580811951}