{"replica_1_stage_1_mfu_min": 0, "replica_1_stage_1_mfu_max": 53.43626868290814, "replica_1_stage_1_mfu_weighted_mean": 43.0735086351345}