{"replica_1_memory_usage_min": 0, "replica_1_memory_usage_max": 10.417770127118644, "replica_1_memory_usage_weighted_mean": 6.036781829528041}