{"replica_1_stage_1_mfu_min": 0, "replica_1_stage_1_mfu_max": 46.98201266577204, "replica_1_stage_1_mfu_weighted_mean": 31.87543279979752}