{"replica_1_memory_usage_min": 0, "replica_1_memory_usage_max": 7.1603548728813555, "replica_1_memory_usage_weighted_mean": 4.34449825013994}