{"replica_1_stage_1_mfu_min": 0, "replica_1_stage_1_mfu_max": 53.621727803750986, "replica_1_stage_1_mfu_weighted_mean": 31.81842383265303}