{"replica_1_memory_usage_min": 0, "replica_1_memory_usage_max": 48.62619173728814, "replica_1_memory_usage_weighted_mean": 14.860454787928028}