{"replica_1_stage_1_mfu_min": 0, "replica_1_stage_1_mfu_max": 37.98683295503388, "replica_1_stage_1_mfu_weighted_mean": 29.192832053098453}