{"replica_1_stage_1_mfu_min": 0, "replica_1_stage_1_mfu_max": 53.50908515386933, "replica_1_stage_1_mfu_weighted_mean": 43.40700703172331}