{"replica_1_memory_usage_min": 0, "replica_1_memory_usage_max": 31.05137711864407, "replica_1_memory_usage_weighted_mean": 22.43797452726341}