{"replica_1_memory_usage_min": 0, "replica_1_memory_usage_max": 8.03760593220339, "replica_1_memory_usage_weighted_mean": 4.832616264934708}