{"replica_1_memory_usage_min": 0, "replica_1_memory_usage_max": 1.2115995762711864, "replica_1_memory_usage_weighted_mean": 0.8619617310585803}