{"replica_1_stage_1_mfu_min": 0, "replica_1_stage_1_mfu_max": 48.86644033582946, "replica_1_stage_1_mfu_weighted_mean": 44.33128318756502}