{"replica_1_memory_usage_min": 0, "replica_1_memory_usage_max": 1.9134004237288136, "replica_1_memory_usage_weighted_mean": 1.4923621875959694}