{"replica_1_stage_1_mfu_min": 0, "replica_1_stage_1_mfu_max": 53.28769567818148, "replica_1_stage_1_mfu_weighted_mean": 31.23340732465761}