{"replica_1_stage_1_mfu_min": 0, "replica_1_stage_1_mfu_max": 55.98737383565176, "replica_1_stage_1_mfu_weighted_mean": 42.58378485999136}