{"replica_1_memory_usage_min": 0, "replica_1_memory_usage_max": 28.23093220338983, "replica_1_memory_usage_weighted_mean": 20.609819118419093}