{"replica_1_memory_usage_min": 0, "replica_1_memory_usage_max": 11.526747881355933, "replica_1_memory_usage_weighted_mean": 6.365041844603939}