{"replica_1_memory_usage_min": 0, "replica_1_memory_usage_max": 44.69676906779661, "replica_1_memory_usage_weighted_mean": 15.81204887469879}