{"replica_1_memory_usage_min": 0, "replica_1_memory_usage_max": 15.462791313559322, "replica_1_memory_usage_weighted_mean": 9.798036841403723}