{"replica_1_stage_1_mfu_min": 0, "replica_1_stage_1_mfu_max": 49.116627683549936, "replica_1_stage_1_mfu_weighted_mean": 45.687718408311284}