{"replica_1_memory_usage_min": 0, "replica_1_memory_usage_max": 31.001721398305083, "replica_1_memory_usage_weighted_mean": 21.88751801939543}