{"replica_1_memory_usage_min": 0, "replica_1_memory_usage_max": 10.48728813559322, "replica_1_memory_usage_weighted_mean": 6.991145063569738}