{"replica_1_stage_1_mfu_min": 0, "replica_1_stage_1_mfu_max": 58.01036480169081, "replica_1_stage_1_mfu_weighted_mean": 42.42046835914847}