{"replica_1_memory_usage_min": 0, "replica_1_memory_usage_max": 48.83143538135593, "replica_1_memory_usage_weighted_mean": 14.910210435198488}