{"replica_1_stage_1_mfu_min": 0, "replica_1_stage_1_mfu_max": 37.37589936832177, "replica_1_stage_1_mfu_weighted_mean": 28.9067189579109}