{"replica_1_stage_1_mfu_min": 0, "replica_1_stage_1_mfu_max": 48.47282341055905, "replica_1_stage_1_mfu_weighted_mean": 46.247835343548914}