{"replica_1_memory_usage_min": 0, "replica_1_memory_usage_max": 2.347060381355932, "replica_1_memory_usage_weighted_mean": 1.745010934937124}