{"replica_1_stage_1_mfu_min": 0, "replica_1_stage_1_mfu_max": 52.81496546742799, "replica_1_stage_1_mfu_weighted_mean": 43.22221931169778}