{"replica_1_memory_usage_min": 0, "replica_1_memory_usage_max": 17.95219809322034, "replica_1_memory_usage_weighted_mean": 11.49764446834992}