{"replica_1_memory_usage_min": 0, "replica_1_memory_usage_max": 11.308262711864407, "replica_1_memory_usage_weighted_mean": 7.133081486582824}