{"replica_1_stage_1_mfu_min": 0, "replica_1_stage_1_mfu_max": 53.20367871369843, "replica_1_stage_1_mfu_weighted_mean": 41.508505459508015}