{"replica_1_stage_1_mfu_min": 0, "replica_1_stage_1_mfu_max": 49.08154614377336, "replica_1_stage_1_mfu_weighted_mean": 32.077238299708746}