{"replica_1_stage_1_mfu_min": 0, "replica_1_stage_1_mfu_max": 49.27251371980627, "replica_1_stage_1_mfu_weighted_mean": 46.79213793718207}