{"replica_1_memory_usage_min": 0, "replica_1_memory_usage_max": 10.507150423728813, "replica_1_memory_usage_weighted_mean": 5.955195208373713}