{"replica_1_stage_1_mfu_min": 0, "replica_1_stage_1_mfu_max": 38.87509940016287, "replica_1_stage_1_mfu_weighted_mean": 32.13242195988943}