{"replica_1_memory_usage_min": 0, "replica_1_memory_usage_max": 44.72987288135593, "replica_1_memory_usage_weighted_mean": 15.822270873400976}