{"replica_1_memory_usage_min": 0, "replica_1_memory_usage_max": 23.553363347457626, "replica_1_memory_usage_weighted_mean": 7.377744110295613}