{"replica_1_stage_1_mfu_min": 0, "replica_1_stage_1_mfu_max": 32.17875253239829, "replica_1_stage_1_mfu_weighted_mean": 28.483202732362287}