{"replica_1_memory_usage_min": 0, "replica_1_memory_usage_max": 9.153204449152541, "replica_1_memory_usage_weighted_mean": 5.413785809272638}