{"replica_1_memory_usage_min": 0, "replica_1_memory_usage_max": 18.902277542372882, "replica_1_memory_usage_weighted_mean": 12.004365701261255}