{"replica_1_stage_1_mfu_min": 0, "replica_1_stage_1_mfu_max": 49.404326136989646, "replica_1_stage_1_mfu_weighted_mean": 46.60338875689675}