{"replica_1_memory_usage_min": 0, "replica_1_memory_usage_max": 10.470736228813559, "replica_1_memory_usage_weighted_mean": 5.9950940762261675}