{"replica_1_memory_usage_min": 0, "replica_1_memory_usage_max": 12.208686440677965, "replica_1_memory_usage_weighted_mean": 8.47851820641558}