{"replica_1_stage_1_mfu_min": 0, "replica_1_stage_1_mfu_max": 48.26954254035585, "replica_1_stage_1_mfu_weighted_mean": 44.30360409562047}