{"replica_1_memory_usage_min": 0, "replica_1_memory_usage_max": 2.459613347457627, "replica_1_memory_usage_weighted_mean": 1.9013367356493986}