{"replica_1_stage_1_mfu_min": 0, "replica_1_stage_1_mfu_max": 58.01220054956309, "replica_1_stage_1_mfu_weighted_mean": 29.496759505570303}