{"replica_1_stage_1_mfu_min": 0, "replica_1_stage_1_mfu_max": 45.06606101241995, "replica_1_stage_1_mfu_weighted_mean": 35.597113782567654}