{"replica_1_memory_usage_min": 0, "replica_1_memory_usage_max": 5.419094279661017, "replica_1_memory_usage_weighted_mean": 3.618523455573389}