{"replica_1_stage_1_mfu_min": 0, "replica_1_stage_1_mfu_max": 52.851526389564555, "replica_1_stage_1_mfu_weighted_mean": 42.04111635205175}