{"replica_1_memory_usage_min": 0, "replica_1_memory_usage_max": 9.28561970338983, "replica_1_memory_usage_weighted_mean": 5.461899951295917}