{"replica_1_memory_usage_min": 0, "replica_1_memory_usage_max": 16.07521186440678, "replica_1_memory_usage_weighted_mean": 11.723137348558891}