{"replica_1_stage_1_mfu_min": 0, "replica_1_stage_1_mfu_max": 52.26944843023157, "replica_1_stage_1_mfu_weighted_mean": 44.712262454615725}