{"replica_1_stage_1_mfu_min": 0, "replica_1_stage_1_mfu_max": 46.811018685920395, "replica_1_stage_1_mfu_weighted_mean": 31.549399071890285}