{"replica_1_stage_1_mfu_min": 0, "replica_1_stage_1_mfu_max": 54.52246545739232, "replica_1_stage_1_mfu_weighted_mean": 36.78385171868713}