{"replica_1_stage_1_mfu_min": 0, "replica_1_stage_1_mfu_max": 40.14136943824681, "replica_1_stage_1_mfu_weighted_mean": 35.97279303833236}