{"replica_1_memory_usage_min": 0, "replica_1_memory_usage_max": 17.161016949152543, "replica_1_memory_usage_weighted_mean": 11.187631596560774}