{"replica_1_memory_usage_min": 0, "replica_1_memory_usage_max": 10.41114936440678, "replica_1_memory_usage_weighted_mean": 5.863891687284786}