{"replica_1_memory_usage_min": 0, "replica_1_memory_usage_max": 9.782176906779661, "replica_1_memory_usage_weighted_mean": 5.665798559038408}