{"replica_1_stage_1_mfu_min": 0, "replica_1_stage_1_mfu_max": 50.75616910250184, "replica_1_stage_1_mfu_weighted_mean": 35.77811230401893}