{"replica_1_memory_usage_min": 0, "replica_1_memory_usage_max": 3.0952065677966103, "replica_1_memory_usage_weighted_mean": 1.8713192239705327}