{"replica_1_memory_usage_min": 0, "replica_1_memory_usage_max": 6.501588983050848, "replica_1_memory_usage_weighted_mean": 3.690265078347562}