{"replica_1_stage_1_mfu_min": 0, "replica_1_stage_1_mfu_max": 48.75412978375537, "replica_1_stage_1_mfu_weighted_mean": 40.62170366341578}