{"replica_1_stage_1_mfu_min": 0, "replica_1_stage_1_mfu_max": 54.159571377530796, "replica_1_stage_1_mfu_weighted_mean": 45.528371081905576}