{"replica_1_memory_usage_min": 0, "replica_1_memory_usage_max": 1.499602754237288, "replica_1_memory_usage_weighted_mean": 1.216476418692299}