{"replica_1_stage_1_mfu_min": 0, "replica_1_stage_1_mfu_max": 46.81100446491551, "replica_1_stage_1_mfu_weighted_mean": 31.522368302787477}