{"replica_1_memory_usage_min": 0, "replica_1_memory_usage_max": 10.940810381355933, "replica_1_memory_usage_weighted_mean": 5.849454911963144}