{"replica_1_memory_usage_min": 0, "replica_1_memory_usage_max": 25.082759533898304, "replica_1_memory_usage_weighted_mean": 18.85122569525379}