{"replica_1_stage_1_mfu_min": 0, "replica_1_stage_1_mfu_max": 54.58776803845846, "replica_1_stage_1_mfu_weighted_mean": 42.407912600972274}