{"replica_1_memory_usage_min": 0, "replica_1_memory_usage_max": 19.2333156779661, "replica_1_memory_usage_weighted_mean": 13.133506022579905}