{"replica_1_stage_1_mfu_min": 0, "replica_1_stage_1_mfu_max": 58.01220054956309, "replica_1_stage_1_mfu_weighted_mean": 43.599136538319684}