{"replica_1_stage_1_mfu_min": 0, "replica_1_stage_1_mfu_max": 53.050772202130084, "replica_1_stage_1_mfu_weighted_mean": 41.26804819797158}