{"replica_1_stage_1_mfu_min": 0, "replica_1_stage_1_mfu_max": 44.273342029103176, "replica_1_stage_1_mfu_weighted_mean": 36.63854700330102}