{"replica_1_memory_usage_min": 0, "replica_1_memory_usage_max": 9.828522245762711, "replica_1_memory_usage_weighted_mean": 6.896083177584514}