{"replica_1_memory_usage_min": 0, "replica_1_memory_usage_max": 9.31541313559322, "replica_1_memory_usage_weighted_mean": 5.559030305739548}