{"replica_1_memory_usage_min": 0, "replica_1_memory_usage_max": 2.3768538135593222, "replica_1_memory_usage_weighted_mean": 1.9859173675123023}