{"replica_1_stage_1_mfu_min": 0, "replica_1_stage_1_mfu_max": 53.828919187002285, "replica_1_stage_1_mfu_weighted_mean": 26.816873881835903}