{"replica_1_memory_usage_min": 0, "replica_1_memory_usage_max": 9.815280720338983, "replica_1_memory_usage_weighted_mean": 6.853806247105888}