{"replica_1_stage_1_mfu_min": 0, "replica_1_stage_1_mfu_max": 43.775074917350935, "replica_1_stage_1_mfu_weighted_mean": 35.97269172813518}