{"replica_1_memory_usage_min": 0, "replica_1_memory_usage_max": 37.65227754237288, "replica_1_memory_usage_weighted_mean": 21.083039575951993}