{"replica_1_memory_usage_min": 0, "replica_1_memory_usage_max": 2.4364406779661016, "replica_1_memory_usage_weighted_mean": 1.917939742644993}