{"replica_1_stage_1_mfu_min": 0, "replica_1_stage_1_mfu_max": 51.19914951213968, "replica_1_stage_1_mfu_weighted_mean": 42.32855099342682}