{"replica_1_memory_usage_min": 0, "replica_1_memory_usage_max": 7.0279396186440675, "replica_1_memory_usage_weighted_mean": 4.093189800726985}